project_name,run_id,start_time,end_time,training_time_secs,emissions,BATCH_SIZE,BLOCK_SIZE,MAX_ITERS,LEARNING_RATE,WEIGHT_DECAY,GRAD_CLIP,DTYPE,DEVICE,EVAL_INTERVAL,EVAL_ITERS,LOG_INTERVAL,SAVE_CHECKPOINT,N_LAYER,N_HEAD,N_EMBD,DROPOUT,BIAS,vocab_size,optimizer,n_model_params,model_size_mb,ram_total_size,cpu_count,cpu_physical_count,cpu_model,gpu_count,gpu_model,gpu_ids
training_phase,f62bc213-7381-468a-a520-9e99a6968d7f,1776368607.626938,1776369157.801706,550.1747679710388,0.00022605566515498991,16,256,2000,0.0003,0.1,1.0,float32,cpu,200,50,50,True,4,4,128,0.1,True,65,AdamW,834432,4.18310546875,16.0,10,1,Apple M1 Pro,1,Apple M1 Pro,
training_phase,044b637e-e7f4-41d2-9444-e9ffa3d1a5e6,1776369165.424431,1776370202.218694,1036.7942628860474,0.000440310317303276,32,256,2000,0.0003,0.1,1.0,float32,cpu,200,50,50,True,4,4,128,0.1,True,65,AdamW,834432,4.18310546875,16.0,10,1,Apple M1 Pro,1,Apple M1 Pro,
training_phase,05a34c18-6467-42c6-b7ed-cd650aae50bb,1776370207.754617,1776372285.4702778,2077.7156608104706,0.0008905473175326069,64,256,2000,0.0003,0.1,1.0,float32,cpu,200,50,50,True,4,4,128,0.1,True,65,AdamW,834432,4.18310546875,16.0,10,1,Apple M1 Pro,1,Apple M1 Pro,
training_phase,6e7094a8-cad4-4d6f-9b28-91f2fbf5cca8,1776372293.014722,1776376920.056642,4627.0419199466705,0.0019822572480280173,128,256,2000,0.0003,0.1,1.0,float32,cpu,200,50,50,True,4,4,128,0.1,True,65,AdamW,834432,4.18310546875,16.0,10,1,Apple M1 Pro,1,Apple M1 Pro,
training_phase,82a24532-e41d-4418-98e9-5e98a2ef42c9,1776376925.550171,1776377982.720747,1057.170576095581,0.00045364233987240505,32,256,2000,0.0003,0.1,1.0,float32,cpu,200,50,50,True,4,4,128,0.1,True,65,AdamW,834432,4.18310546875,16.0,10,1,Apple M1 Pro,1,Apple M1 Pro,
training_phase,8f1b3399-dfce-49ba-ac01-31a71e75f137,1776377990.31142,1776380143.176734,2152.8653140068054,0.0009448241570567199,32,256,2000,0.0003,0.1,1.0,float32,cpu,200,50,50,True,8,4,128,0.1,True,65,AdamW,1627520,8.20849609375,16.0,10,1,Apple M1 Pro,1,Apple M1 Pro,
